municipality,bfs_id,mean,gini
Aeugst am Albis,1,56077,0.523
Affoltern am Albis,2,40365,0.434
Bonstetten,3,50364,0.415
Hausen am Albis,4,47717,0.47
Hedingen,5,50436,0.453
Kappel am Albis,6,48833,0.484
Knonau,7,44191,0.444
Maschwanden,8,40302,0.437
Mettmenstetten,9,48817,0.456
Obfelden,10,42248,0.419
Ottenbach,11,46454,0.444
Rifferswil,12,49413,0.45
Stallikon,13,55787,0.451
Wettswil am Albis,14,64840,0.493
Adlikon,21,40509,0.383
Benken (ZH),22,43924,0.437
Berg am Irchel,23,44714,0.449
Buch am Irchel,24,46269,0.412
Dachsen,25,45219,0.442
Dorf,26,47570,0.425
Feuerthalen,27,41015,0.432
Flaach,28,43000,0.404
Flurlingen,29,46359,0.491
Andelfingen,30,47909,0.439
Henggart,31,45273,0.404
Humlikon,32,44853,0.436
Kleinandelfingen,33,42151,0.398
Laufen-Uhwiesen,34,53046,0.494
Marthalen,35,42735,0.414
Oberstammheim,36,40100,0.39
Ossingen,37,38415,0.429
Rheinau,38,39380,0.425
Thalheim an der Thur,39,42163,0.411
Trüllikon,40,41750,0.435
Truttikon,41,37150,0.415
Unterstammheim,42,41428,0.476
Volken,43,50319,0.428
Waltalingen,44,40719,0.411
Bachenbülach,51,45027,0.422
Bassersdorf,52,46562,0.41
Bülach,53,43101,0.426
Dietlikon,54,47431,0.423
Eglisau,55,48590,0.427
Embrach,56,41109,0.415
Freienstein-Teufen,57,44967,0.417
Glattfelden,58,41997,0.408
Hochfelden,59,45556,0.406
Höri,60,38261,0.394
Hüntwangen,61,48235,0.415
Kloten,62,41229,0.422
Lufingen,63,54965,0.42
Nürensdorf,64,57967,0.481
Oberembrach,65,46872,0.414
Opfikon,66,40969,0.433
Rafz,67,44180,0.418
Rorbas,68,38716,0.398
Wallisellen,69,50645,0.443
Wasterkingen,70,43382,0.376
Wil (ZH),71,50277,0.508
Winkel,72,64120,0.492
Bachs,81,42101,0.407
Boppelsen,82,63068,0.479
Buchs (ZH),83,44320,0.4
Dällikon,84,42685,0.417
Dänikon,85,47322,0.465
Dielsdorf,86,44385,0.422
Hüttikon,87,52056,0.421
Neerach,88,65980,0.483
Niederglatt,89,42023,0.394
Niederhasli,90,41101,0.398
Niederweningen,91,45125,0.443
Oberglatt,92,36823,0.385
Oberweningen,93,49001,0.442
Otelfingen,94,46949,0.409
Regensberg,95,54149,0.419
Regensdorf,96,41554,0.415
Rümlang,97,43691,0.443
Schleinikon,98,41736,0.419
Schöfflisdorf,99,48385,0.418
Stadel,100,43069,0.404
Steinmaur,101,45342,0.425
Weiach,102,41720,0.406
Bäretswil,111,41965,0.421
Bubikon,112,45225,0.415
Dürnten,113,40322,0.417
Fischenthal,114,34736,0.407
Gossau (ZH),115,45341,0.43
Grüningen,116,46305,0.437
Hinwil,117,42034,0.419
Rüti (ZH),118,36713,0.42
Seegräben,119,44552,0.437
Wald (ZH),120,36192,0.406
Wetzikon (ZH),121,39128,0.408
Adliswil,131,48525,0.47
Hirzel,132,47972,0.471
Horgen,133,53717,0.496
Hütten,134,36791,0.452
Kilchberg (ZH),135,92340,0.606
Langnau am Albis,136,51100,0.48
Oberrieden,137,64032,0.516
Richterswil,138,48692,0.48
Rüschlikon,139,91448,0.624
Schönenberg (ZH),140,47974,0.469
Thalwil,141,60311,0.505
Wädenswil,142,47793,0.471
Erlenbach (ZH),151,96573,0.64
Herrliberg,152,92597,0.63
Hombrechtikon,153,44827,0.463
Küsnacht (ZH),154,97079,0.652
Männedorf,155,55586,0.484
Meilen,156,72016,0.567
Oetwil am See,157,39842,0.394
Stäfa,158,54886,0.505
Uetikon am See,159,63420,0.534
Zumikon,160,99954,0.656
Zollikon,161,90364,0.618
Fehraltorf,172,46181,0.406
Hittnau,173,44930,0.406
Illnau-Effretikon,174,41601,0.421
Kyburg,175,47261,0.432
Lindau,176,48233,0.43
Pfäffikon,177,44164,0.427
Russikon,178,49427,0.44
Weisslingen,180,47432,0.444
Wila,181,36305,0.405
Wildberg,182,41923,0.395
Dübendorf,191,45321,0.434
Egg,192,51925,0.491
Fällanden,193,51099,0.459
Greifensee,194,47137,0.442
Maur,195,62315,0.516
Mönchaltorf,196,44811,0.432
Schwerzenbach,197,45140,0.408
Uster,198,44695,0.43
Volketswil,199,46279,0.425
Wangen-Brüttisellen,200,47422,0.443
Altikon,211,41518,0.424
Brütten,213,55225,0.447
Dägerlen,214,43996,0.398
Dättlikon,215,52455,0.45
Dinhard,216,46510,0.419
Elgg,217,40515,0.433
Ellikon an der Thur,218,43404,0.434
Elsau,219,42748,0.435
Hagenbuch,220,38298,0.418
Hettlingen,221,53655,0.485
Hofstetten (ZH),222,39421,0.408
Neftenbach,223,47701,0.429
Pfungen,224,40299,0.392
Rickenbach (ZH),225,42153,0.422
Schlatt (ZH),226,39846,0.421
Seuzach,227,49845,0.439
Turbenthal,228,35767,0.404
Winterthur,230,38986,0.434
Zell (ZH),231,37326,0.415
Aesch (ZH),241,63670,0.481
Birmensdorf (ZH),242,50064,0.436
Dietikon,243,36979,0.419
Geroldswil,244,46944,0.451
Oberengstringen,245,44895,0.446
Oetwil an der Limmat,246,51524,0.475
Schlieren,247,37593,0.397
Uitikon,248,92055,0.581
Unterengstringen,249,54727,0.486
Urdorf,250,44691,0.412
Weiningen (ZH),251,45822,0.425
Zürich,261,46703,0.497
Bauma,297,36859,0.418
Wiesendangen,298,46429,0.421
Aarberg,301,37274,0.379
Bargen (BE),302,35417,0.383
Grossaffoltern,303,36412,0.398
Kallnach,304,35892,0.395
Kappelen,305,38863,0.403
Lyss,306,35902,0.419
Meikirch,307,41566,0.416
Radelfingen,309,36119,0.378
Rapperswil (BE),310,38358,0.438
Schüpfen,311,38123,0.412
Seedorf (BE),312,37210,0.404
Aarwangen,321,35793,0.418
Auswil,322,28313,0.392
Bannwil,323,34792,0.367
Bleienbach,324,34509,0.37
Busswil bei Melchnau,325,34992,0.387
Gondiswil,326,29841,0.348
Langenthal,329,34905,0.44
Lotzwil,331,32849,0.418
Madiswil,332,33996,0.406
Melchnau,333,33047,0.421
Obersteckholz,334,33069,0.398
Oeschenbach,335,30718,0.385
Reisiswil,336,34041,0.398
Roggwil (BE),337,31932,0.41
Rohrbach,338,29163,0.385
Rohrbachgraben,339,27541,0.408
Rütschelen,340,32576,0.366
Schwarzhäusern,341,35320,0.382
Thunstetten,342,34315,0.409
Ursenbach,344,28508,0.402
Wynau,345,34001,0.4
Bern,351,38821,0.457
Bolligen,352,49259,0.458
Bremgarten bei Bern,353,50186,0.458
Kirchlindach,354,47895,0.446
Köniz,355,40109,0.444
Muri bei Bern,356,57313,0.53
Oberbalm,357,33572,0.387
Stettlen,358,44532,0.45
Vechigen,359,42135,0.418
Wohlen bei Bern,360,47132,0.478
Zollikofen,361,39678,0.429
Ittigen,362,41173,0.44
Ostermundigen,363,34293,0.412
Biel/Bienne,371,30268,0.461
Evilard,372,52906,0.501
Arch,381,33319,0.389
Büetigen,382,36197,0.399
Büren an der Aare,383,35939,0.424
Diessbach bei Büren,385,35265,0.407
Dotzigen,386,34971,0.379
Lengnau (BE),387,34118,0.415
Leuzigen,388,33762,0.383
Meienried,389,41386,0.355
Meinisberg,390,35427,0.388
Oberwil bei Büren,391,34949,0.368
Pieterlen,392,33327,0.417
Rüti bei Büren,393,32245,0.379
Wengi,394,36602,0.395
Aefligen,401,35261,0.381
Alchenstorf,402,34219,0.376
Bäriswil,403,43524,0.415
Burgdorf,404,34102,0.435
Ersigen,405,37293,0.388
Hasle bei Burgdorf,406,31242,0.385
Heimiswil,407,32380,0.405
Hellsau,408,33812,0.38
Hindelbank,409,38425,0.383
Höchstetten,410,32629,0.402
Kernenried,411,34469,0.365
Kirchberg (BE),412,38032,0.413
Koppigen,413,35093,0.398
Krauchthal,414,36749,0.39
Lyssach,415,37937,0.385
Mötschwil,416,31769,0.432
Niederösch,417,34086,0.367
Oberburg,418,31466,0.404
Oberösch,419,35241,0.385
Rüdtligen-Alchenflüh,420,33077,0.368
Rumendingen,421,32291,0.264
Rüti bei Lyssach,422,34425,0.362
Willadingen,423,34685,0.383
Wynigen,424,31410,0.391
Corgémont,431,33760,0.413
Cormoret,432,34550,0.432
Cortébert,433,32245,0.428
Courtelary,434,32888,0.427
La Ferrière,435,32898,0.434
Mont-Tramelan,437,33237,0.438
Orvin,438,35214,0.444
Renan (BE),441,30989,0.4
Romont (BE),442,37540,0.355
Saint-Imier,443,30966,0.453
Sonceboz-Sombeval,444,32803,0.405
Sonvilier,445,28992,0.42
Tramelan,446,32838,0.42
Villeret,448,33326,0.449
Sauge,449,33630,0.461
Péry-La Heutte,450,33179,0.409
Brüttelen,491,35509,0.409
Erlach,492,39781,0.427
Finsterhennen,493,35192,0.384
Gals,494,40697,0.441
Gampelen,495,38495,0.409
Ins,496,39268,0.425
Lüscherz,497,40008,0.445
Müntschemier,498,36849,0.391
Siselen,499,35134,0.385
Treiten,500,39319,0.387
Tschugg,501,36909,0.407
Vinelz,502,40060,0.41
Bangerten,532,35519,0.383
Bätterkinden,533,37242,0.404
Deisswil bei Münchenbuchsee,535,36965,0.461
Diemerswil,536,40491,0.483
Fraubrunnen,538,38989,0.405
Jegenstorf,540,40863,0.416
Iffwil,541,37501,0.438
Mattstetten,543,42916,0.404
Moosseedorf,544,36752,0.405
Münchenbuchsee,546,39044,0.432
Urtenen-Schönbühl,551,36316,0.398
Utzenstorf,552,36491,0.4
Wiggiswil,553,42184,0.32
Wiler bei Utzenstorf,554,34750,0.365
Zielebach,556,37152,0.387
Zuzwil (BE),557,44127,0.393
Adelboden,561,28148,0.43
Aeschi bei Spiez,562,31546,0.416
Frutigen,563,31393,0.413
Kandergrund,564,29317,0.342
Kandersteg,565,31041,0.46
Krattigen,566,35005,0.426
Reichenbach im Kandertal,567,30451,0.38
Beatenberg,571,20839,0.551
Bönigen,572,33272,0.381
Brienz (BE),573,30198,0.413
Brienzwiler,574,31835,0.429
Därligen,575,34570,0.367
Grindelwald,576,32484,0.451
Gsteigwiler,577,30505,0.417
Gündlischwand,578,29997,0.322
Habkern,579,22699,0.415
Hofstetten bei Brienz,580,28954,0.379
Interlaken,581,33645,0.427
Iseltwald,582,25904,0.448
Lauterbrunnen,584,25231,0.51
Leissigen,585,34286,0.415
Lütschental,586,27622,0.35
Matten bei Interlaken,587,32549,0.381
Niederried bei Interlaken,588,30137,0.434
Oberried am Brienzersee,589,28643,0.384
Ringgenberg (BE),590,31601,0.432
Saxeten,591,22989,0.422
Schwanden bei Brienz,592,31735,0.412
Unterseen,593,36569,0.422
Wilderswil,594,31475,0.408
Arni (BE),602,30587,0.377
Biglen,603,33184,0.419
Bowil,605,28322,0.377
Brenzikofen,606,32821,0.388
Freimettigen,607,35520,0.399
Grosshöchstetten,608,36969,0.41
Häutligen,609,33063,0.45
Herbligen,610,34855,0.422
Kiesen,611,39596,0.375
Konolfingen,612,36338,0.407
Landiswil,613,27296,0.42
Linden,614,28981,0.445
Mirchel,615,35399,0.355
Münsingen,616,39468,0.422
Niederhünigen,617,34135,0.399
Oberdiessbach,619,35917,0.437
Oberthal,620,27783,0.394
Oppligen,622,34670,0.427
Rubigen,623,41012,0.392
Schlosswil,624,34501,0.387
Tägertschi,625,36402,0.416
Walkringen,626,30394,0.407
Worb,627,37446,0.447
Zäziwil,628,32960,0.385
Oberhünigen,629,30098,0.366
Allmendingen,630,56131,0.547
Wichtrach,632,39185,0.404
Clavaleyres,661,19776,0.426
Ferenbalm,662,36682,0.395
Frauenkappelen,663,41338,0.425
Golaten,664,39703,0.415
Gurbrü,665,33667,0.369
Kriechenwil,666,34270,0.383
Laupen,667,36001,0.415
Mühleberg,668,40128,0.401
Münchenwiler,669,38306,0.409
Neuenegg,670,36772,0.395
Wileroltigen,671,32951,0.403
Belprahon,681,36781,0.432
Champoz,683,34811,0.391
Corcelles (BE),687,30108,0.412
Court,690,33716,0.42
Crémines,691,32392,0.441
Eschert,692,33978,0.429
Grandval,694,32325,0.382
Loveresse,696,35869,0.401
Moutier,700,31339,0.435
Perrefitte,701,33054,0.451
Reconvilier,703,30646,0.427
Roches (BE),704,29378,0.439
Saicourt,706,30675,0.395
Saules (BE),707,29813,0.354
Schelten,708,18740,0.547
Seehof,709,22413,0.314
Sorvilier,711,31739,0.359
Tavannes,713,29880,0.437
Rebévelier,715,24552,0.335
Petit-Val,716,28519,0.394
Valbirse,717,31778,0.424
La Neuveville,723,38539,0.473
Nods,724,35021,0.441
Plateau de Diesse,726,46731,0.562
Aegerten,731,34851,0.386
Bellmund,732,48225,0.451
Brügg,733,32556,0.433
Bühl,734,39113,0.414
Epsach,735,34126,0.393
Hagneck,736,35423,0.369
Hermrigen,737,36835,0.367
Jens,738,40085,0.449
Ipsach,739,40203,0.444
Ligerz,740,45580,0.507
Merzligen,741,40070,0.393
Mörigen,742,51184,0.508
Nidau,743,31234,0.45
Orpund,744,33628,0.404
Port,745,42449,0.443
Safnern,746,37091,0.428
Scheuren,747,36018,0.397
Schwadernau,748,36357,0.439
Studen (BE),749,37308,0.381
Sutz-Lattrigen,750,39303,0.44
Täuffelen,751,39760,0.421
Walperswil,754,37676,0.386
Worben,755,36721,0.418
Twann-Tüscherz,756,42771,0.498
Därstetten,761,27306,0.395
Diemtigen,762,29781,0.409
Erlenbach im Simmental,763,28747,0.421
Oberwil im Simmental,766,26676,0.384
Reutigen,767,32900,0.378
Spiez,768,36055,0.428
Wimmis,769,31798,0.379
Stocken-Höfen,770,30770,0.396
Guttannen,782,32356,0.387
Hasliberg,783,27660,0.425
Innertkirchen,784,31246,0.41
Meiringen,785,34121,0.392
Schattenhalb,786,30473,0.362
Boltigen,791,25913,0.385
Lenk,792,29235,0.432
St. Stephan,793,28516,0.372
Zweisimmen,794,31767,0.425
Gsteig,841,35495,0.479
Lauenen,842,34099,0.54
Saanen,843,62266,0.708
Guggisberg,852,25349,0.397
Rüschegg,853,30577,0.409
Schwarzenburg,855,32829,0.413
Belp,861,39317,0.407
Burgistein,863,32804,0.414
Gelterfingen,865,34099,0.352
Gerzensee,866,46549,0.5
Gurzelen,867,31285,0.411
Jaberg,868,35501,0.411
Kaufdorf,869,39598,0.408
Kehrsatz,870,41115,0.461
Kirchdorf (BE),872,37777,0.402
Kirchenthurnen,873,33292,0.339
Lohnstorf,874,33692,0.408
Mühledorf (BE),875,42530,0.454
Mühlethurnen,876,36152,0.412
Niedermuhlern,877,31516,0.393
Noflen,878,32399,0.326
Riggisberg,879,34129,0.438
Rüeggisberg,880,29898,0.406
Rümligen,881,35732,0.371
Seftigen,883,36025,0.407
Toffen,884,39894,0.419
Uttigen,885,38484,0.405
Wattenwil,886,30185,0.405
Wald (BE),888,38418,0.398
Eggiwil,901,27294,0.375
Langnau im Emmental,902,31741,0.396
Lauperswil,903,29780,0.389
Röthenbach im Emmental,904,25546,0.396
Rüderswil,905,30770,0.395
Schangnau,906,27303,0.38
Signau,907,29006,0.382
Trub,908,24558,0.382
Trubschachen,909,28141,0.401
Amsoldingen,921,35318,0.431
Blumenstein,922,32359,0.383
Buchholterberg,923,31843,0.399
Eriz,924,24591,0.358
Fahrni,925,33223,0.378
Heiligenschwendi,927,32418,0.426
Heimberg,928,35354,0.39
Hilterfingen,929,45779,0.497
Homberg,931,29828,0.405
Horrenbach-Buchen,932,24667,0.359
Oberhofen am Thunersee,934,45210,0.459
Oberlangenegg,935,26506,0.384
Pohlern,936,32210,0.337
Schwendibach,937,34172,0.355
Sigriswil,938,35564,0.429
Steffisburg,939,36601,0.409
Teuffenthal (BE),940,24311,0.398
Thierachern,941,36609,0.381
Thun,942,35385,0.421
Uebeschi,943,31329,0.41
Uetendorf,944,35616,0.39
Unterlangenegg,945,28892,0.382
Wachseldorn,946,27840,0.331
Zwieselberg,947,33893,0.439
Forst-Längenbühl,948,30887,0.393
Affoltern im Emmental,951,28608,0.38
Dürrenroth,952,29709,0.394
Eriswil,953,26772,0.379
Huttwil,954,30935,0.413
Lützelflüh,955,30636,0.395
Rüegsau,956,33056,0.403
Sumiswald,957,29491,0.396
Trachselwald,958,27502,0.381
Walterswil (BE),959,28084,0.392
Wyssachen,960,27783,0.408
Attiswil,971,35383,0.388
Berken,972,32806,0.461
Bettenhausen,973,33275,0.378
Farnern,975,35484,0.409
Graben,976,30332,0.365
Heimenhausen,977,33883,0.38
Hermiswil,978,32195,0.324
Herzogenbuchsee,979,34355,0.427
Inkwil,980,35059,0.392
Niederbipp,981,34001,0.392
Niederönz,982,35088,0.381
Oberbipp,983,36877,0.385
Ochlenberg,985,28483,0.376
Rumisberg,987,42137,0.393
Seeberg,988,31202,0.401
Thörigen,989,34412,0.392
Walliswil bei Niederbipp,990,34764,0.34
Walliswil bei Wangen,991,35090,0.405
Wangen an der Aare,992,35033,0.396
Wangenried,993,35126,0.371
Wiedlisbach,995,35249,0.409
Wolfisberg,996,42204,0.506
Doppleschwand,1001,32363,0.327
Entlebuch,1002,32115,0.371
Flühli,1004,28488,0.396
Hasle (LU),1005,29518,0.348
Romoos,1007,27033,0.351
Schüpfheim,1008,31896,0.378
Werthenstein,1009,31114,0.353
Escholzmatt-Marbach,1010,28446,0.363
Aesch (LU),1021,39686,0.407
Altwis,1022,39155,0.364
Ballwil,1023,42586,0.367
Emmen,1024,34220,0.365
Ermensee,1025,41723,0.407
Eschenbach (LU),1026,41706,0.391
Hitzkirch,1030,39299,0.404
Hochdorf,1031,37165,0.393
Hohenrain,1032,39729,0.403
Inwil,1033,42177,0.367
Rain,1037,45444,0.4
Römerswil,1039,38601,0.367
Rothenburg,1040,41644,0.38
Schongau,1041,38810,0.393
Adligenswil,1051,48201,0.447
Buchrain,1052,41619,0.407
Dierikon,1053,39679,0.383
Ebikon,1054,39949,0.412
Gisikon,1055,46000,0.43
Greppen,1056,48689,0.445
Honau,1057,46326,0.479
Horw,1058,51137,0.518
Kriens,1059,38418,0.399
Luzern,1061,41068,0.448
Malters,1062,36280,0.38
Meggen,1063,87558,0.646
Meierskappel,1064,48945,0.444
Root,1065,38643,0.367
Schwarzenberg,1066,36310,0.373
Udligenswil,1067,49521,0.45
Vitznau,1068,47888,0.517
Weggis,1069,55564,0.542
Beromünster,1081,37576,0.382
Büron,1082,35969,0.374
Buttisholz,1083,36747,0.367
Eich,1084,55194,0.46
Geuensee,1085,40832,0.38
Grosswangen,1086,35720,0.363
Hildisrieden,1088,45974,0.402
Knutwil,1089,43432,0.403
Mauensee,1091,44249,0.448
Neuenkirch,1093,38324,0.373
Nottwil,1094,41041,0.373
Oberkirch,1095,44274,0.389
Rickenbach (LU),1097,37246,0.401
Ruswil,1098,36109,0.362
Schenkon,1099,55045,0.467
Schlierbach,1100,39022,0.348
Sempach,1102,49201,0.452
Sursee,1103,39507,0.372
Triengen,1104,37234,0.385
Wolhusen,1107,34019,0.392
Alberswil,1121,33372,0.355
Altbüron,1122,38222,0.387
Altishofen,1123,39624,0.399
Dagmersellen,1125,37801,0.359
Ebersecken,1126,32998,0.417
Egolzwil,1127,38095,0.392
Ettiswil,1128,35510,0.361
Fischbach,1129,32231,0.35
Gettnau,1130,32209,0.349
Grossdietwil,1131,33410,0.377
Hergiswil bei Willisau,1132,29979,0.334
Luthern,1135,27987,0.353
Menznau,1136,31982,0.366
Nebikon,1137,41489,0.391
Pfaffnau,1139,36526,0.365
Reiden,1140,35832,0.37
Roggliswil,1142,33672,0.368
Schötz,1143,34082,0.357
Ufhusen,1145,30803,0.364
Wauwil,1146,38090,0.378
Wikon,1147,37816,0.38
Zell (LU),1150,35568,0.421
Willisau,1151,36127,0.387
Altdorf (UR),1201,39425,0.387
Andermatt,1202,42261,0.505
Attinghausen,1203,36428,0.351
Bauen,1204,35159,0.467
Bürglen (UR),1205,35795,0.376
Erstfeld,1206,34385,0.33
Flüelen,1207,41024,0.4
Göschenen,1208,33174,0.342
Gurtnellen,1209,28664,0.349
Hospental,1210,29810,0.416
Isenthal,1211,26772,0.34
Realp,1212,34216,0.416
Schattdorf,1213,38924,0.358
Seedorf (UR),1214,39982,0.365
Seelisberg,1215,34802,0.41
Silenen,1216,33266,0.332
Sisikon,1217,34429,0.358
Spiringen,1218,29280,0.331
Unterschächen,1219,30802,0.342
Wassen,1220,30937,0.371
Einsiedeln,1301,41691,0.447
Gersau,1311,39227,0.469
Feusisberg,1321,145233,0.726
Freienbach,1322,112487,0.68
Wollerau,1323,158150,0.732
Küssnacht (SZ),1331,63067,0.56
Altendorf,1341,67338,0.544
Galgenen,1342,47151,0.454
Innerthal,1343,33594,0.396
Lachen,1344,56675,0.502
Reichenburg,1345,40142,0.408
Schübelbach,1346,38468,0.403
Tuggen,1347,48689,0.467
Vorderthal,1348,33137,0.384
Wangen (SZ),1349,42409,0.422
Alpthal,1361,40864,0.447
Arth,1362,39034,0.421
Illgau,1363,31149,0.375
Ingenbohl,1364,42655,0.482
Lauerz,1365,38121,0.395
Morschach,1366,38658,0.472
Muotathal,1367,32899,0.356
Oberiberg,1368,37586,0.479
Riemenstalden,1369,25711,0.313
Rothenthurm,1370,35499,0.358
Sattel,1371,40358,0.438
Schwyz,1372,41019,0.437
Steinen,1373,37443,0.364
Steinerberg,1374,39040,0.416
Unteriberg,1375,33555,0.395
Alpnach,1401,39536,0.372
Engelberg,1402,52401,0.611
Giswil,1403,34858,0.394
Kerns,1404,36713,0.374
Lungern,1405,37268,0.425
Sachseln,1406,42218,0.43
Sarnen,1407,113987,0.784
Beckenried,1501,46014,0.434
Buochs,1502,42094,0.401
Dallenwil,1503,35625,0.349
Emmetten,1504,48116,0.531
Ennetbürgen,1505,53529,0.464
Ennetmoos,1506,41395,0.38
Hergiswil (NW),1507,92090,0.668
Oberdorf (NW),1508,40376,0.379
Stans,1509,43338,0.413
Stansstad,1510,57579,0.507
Wolfenschiessen,1511,33886,0.357
Glarus Nord,1630,37510,0.395
Glarus Süd,1631,34296,0.399
Glarus,1632,37966,0.412
Baar,1701,58875,0.515
Cham,1702,56345,0.491
Hünenberg,1703,66529,0.533
Menzingen,1704,42571,0.475
Neuheim,1705,55421,0.497
Oberägeri,1706,82745,0.637
Risch,1707,59568,0.496
Steinhausen,1708,52515,0.458
Unterägeri,1709,55850,0.5
Walchwil,1710,135644,0.738
Zug,1711,90032,0.631
Bussy (FR),2004,37439,0.335
Châbles,2005,46631,0.458
Châtillon (FR),2008,41447,0.41
Cheiry,2009,32187,0.358
Cheyres,2010,41967,0.456
Cugy (FR),2011,35386,0.418
Domdidier,2013,35937,0.381
Dompierre (FR),2014,34316,0.371
Estavayer-le-Lac,2015,35653,0.423
Fétigny,2016,36256,0.384
Gletterens,2022,38977,0.399
Léchelles,2024,36166,0.41
Lully (FR),2025,35047,0.382
Ménières,2027,37760,0.4
Montagny (FR),2029,34614,0.401
Morens (FR),2033,33415,0.333
Murist,2034,33597,0.383
Nuvilly,2035,33910,0.374
Prévondavaux,2038,36640,0.323
Rueyres-les-Prés,2039,38212,0.411
Russy,2040,36046,0.396
Saint-Aubin (FR),2041,38196,0.382
Sévaz,2043,37036,0.334
Surpierre,2044,31849,0.422
Vallon,2045,33727,0.401
Villeneuve (FR),2047,31606,0.377
Vuissens,2049,33359,0.41
Les Montets,2050,35806,0.382
Delley-Portalban,2051,43460,0.475
Vernay,2052,32946,0.44
Auboranges,2061,67533,0.604
Billens-Hennens,2063,34072,0.392
Chapelle (Glâne),2066,40080,0.467
Le Châtelard,2067,32157,0.414
Châtonnaye,2068,34606,0.374
Ecublens (FR),2072,40844,0.445
Grangettes,2079,35770,0.409
Massonnens,2086,35369,0.399
Mézières (FR),2087,36506,0.433
Montet (Glâne),2089,42369,0.372
Romont (FR),2096,33730,0.418
Rue,2097,36505,0.382
Siviriez,2099,163434,0.87
Ursy,2102,38212,0.424
Villaz-Saint-Pierre,2111,32889,0.389
Vuisternens-devant-Romont,2113,35537,0.387
Villorsonnens,2114,35754,0.393
Torny,2115,36045,0.359
La Folliaz,2116,36220,0.38
Haut-Intyamon,2121,29915,0.401
Pont-en-Ogoz,2122,39645,0.415
Botterens,2123,37924,0.402
Broc,2124,35286,0.386
Bulle,2125,37376,0.433
Châtel-sur-Montsalvens,2128,37055,0.444
Corbières,2129,39966,0.387
Crésuz,2130,67669,0.714
Echarlens,2131,39871,0.435
Grandvillard,2134,36420,0.452
Gruyères,2135,34873,0.444
Hauteville,2137,38689,0.436
Jaun,2138,26899,0.425
Marsens,2140,41707,0.445
Morlon,2143,43801,0.465
Le Pâquier (FR),2145,40089,0.444
Pont-la-Ville,2147,40158,0.424
Riaz,2148,38559,0.395
La Roche,2149,42241,0.524
Sâles,2152,34740,0.425
Sorens,2153,37942,0.419
Vaulruz,2155,37510,0.393
Vuadens,2160,36937,0.401
Bas-Intyamon,2162,33318,0.386
Val-de-Charmey,2163,35603,0.459
Arconciel,2171,39982,0.42
Autafond,2172,36041,0.426
Autigny,2173,35065,0.393
Avry,2174,44523,0.481
Belfaux,2175,38422,0.408
Chénens,2177,34780,0.421
Chésopelloz,2179,60451,0.621
Corminboeuf,2183,47703,0.454
Corpataux-Magnedens,2184,39090,0.365
Corserey,2185,36141,0.409
Cottens (FR),2186,39504,0.436
Ependes (FR),2189,35546,0.453
Farvagny,2192,35918,0.423
Ferpicloz,2194,105182,0.763
Fribourg,2196,35286,0.446
Givisiez,2197,39853,0.391
Granges-Paccot,2198,37746,0.407
Grolley,2200,35791,0.442
Marly,2206,37547,0.462
Matran,2208,41363,0.489
Neyruz (FR),2211,40901,0.441
Noréaz,2213,39473,0.446
Pierrafortscha,2216,53805,0.591
Ponthaux,2217,38188,0.375
Le Mouret,2220,36165,0.434
Prez-vers-Noréaz,2221,36314,0.459
Rossens (FR),2222,37959,0.426
Le Glèbe,2223,36268,0.416
Senèdes,2225,36615,0.346
Treyvaux,2226,34384,0.415
Villars-sur-Glâne,2228,42215,0.466
Villarsel-sur-Marly,2230,33767,0.435
Vuisternens-en-Ogoz,2231,36474,0.395
Hauterive (FR),2233,38300,0.407
La Brillaz,2234,40571,0.427
La Sonnaz,2235,38502,0.415
Barberêche,2243,40799,0.488
Courgevaux,2250,38548,0.435
Courlevon,2251,40040,0.404
Courtepin,2254,37339,0.393
Cressier (FR),2257,39513,0.413
Fräschels,2258,41891,0.434
Galmiz,2259,37240,0.375
Gempenach,2260,35475,0.371
Greng,2261,88971,0.578
Gurmels,2262,38286,0.405
Jeuss,2264,41769,0.459
Kerzers,2265,39115,0.387
Kleinbösingen,2266,43287,0.378
Lurtigen,2270,32391,0.357
Meyriez,2271,48764,0.49
Misery-Courtion,2272,35445,0.397
Muntelier,2274,54879,0.429
Murten,2275,40241,0.425
Ried bei Kerzers,2276,42411,0.42
Salvenach,2277,42673,0.428
Ulmiz,2278,36639,0.412
Villarepos,2279,39151,0.399
Bas-Vully,2280,41808,0.405
Haut-Vully,2281,57439,0.495
Wallenried,2283,38270,0.424
Alterswil,2291,34946,0.354
Brünisried,2292,34643,0.349
Düdingen,2293,38726,0.41
Giffers,2294,36543,0.371
Bösingen,2295,39587,0.386
Heitenried,2296,34773,0.357
Oberschrot,2298,30984,0.383
Plaffeien,2299,30077,0.397
Plasselb,2300,33223,0.377
Rechthalten,2301,35156,0.356
St. Antoni,2302,36869,0.349
St. Silvester,2303,31593,0.354
St. Ursen,2304,32831,0.415
Schmitten (FR),2305,38128,0.402
Tafers,2306,38897,0.415
Tentlingen,2307,35353,0.377
Ueberstorf,2308,39070,0.376
Wünnewil-Flamatt,2309,36808,0.404
Zumholz,2310,30845,0.356
Attalens,2321,40583,0.445
Bossonnens,2323,35605,0.416
Châtel-Saint-Denis,2325,39620,0.447
Granges (Veveyse),2328,40794,0.411
Remaufens,2333,40329,0.403
Saint-Martin (FR),2335,33495,0.453
Semsales,2336,37056,0.375
Le Flon,2337,33257,0.397
La Verrerie,2338,33681,0.421
Egerkingen,2401,38327,0.385
Härkingen,2402,41087,0.37
Kestenholz,2403,38143,0.38
Neuendorf,2404,38887,0.387
Niederbuchsiten,2405,37394,0.35
Oberbuchsiten,2406,37589,0.376
Oensingen,2407,38294,0.4
Wolfwil,2408,39338,0.389
Aedermannsdorf,2421,33701,0.386
Balsthal,2422,36466,0.415
Gänsbrunnen,2423,28313,0.413
Herbetswil,2424,30961,0.385
Holderbank (SO),2425,34117,0.4
Laupersdorf,2426,34473,0.357
Matzendorf,2427,35392,0.385
Mümliswil-Ramiswil,2428,32899,0.389
Welschenrohr,2429,30912,0.398
Biezwil,2445,40537,0.39
Lüterkofen-Ichertswil,2455,45298,0.402
Lüterswil-Gächliwil,2456,37034,0.416
Messen,2457,39573,0.431
Schnottwil,2461,39815,0.401
Unterramsern,2463,46277,0.429
Lüsslingen-Nennigkofen,2464,40742,0.408
Buchegg,2465,40486,0.405
Bättwil,2471,45053,0.43
Büren (SO),2472,42584,0.483
Dornach,2473,49162,0.518
Gempen,2474,46903,0.459
Hochwald,2475,50914,0.522
Hofstetten-Flüh,2476,54133,0.498
Metzerlen-Mariastein,2477,42956,0.442
Nuglar-St. Pantaleon,2478,42757,0.439
Rodersdorf,2479,45436,0.484
Seewen,2480,39663,0.447
Witterswil,2481,49902,0.513
Hauenstein-Ifenthal,2491,36412,0.382
Kienberg,2492,34084,0.432
Lostorf,2493,42713,0.431
Niedergösgen,2495,35000,0.406
Obergösgen,2497,36437,0.401
Rohr (SO),2498,37194,0.38
Stüsslingen,2499,43175,0.404
Trimbach,2500,31762,0.432
Winznau,2501,37862,0.381
Wisen (SO),2502,41098,0.428
Erlinsbach (SO),2503,37651,0.397
Aeschi (SO),2511,41293,0.408
Biberist,2513,36038,0.401
Bolken,2514,36851,0.391
Deitingen,2516,38907,0.385
Derendingen,2517,34105,0.388
Etziken,2518,37928,0.393
Gerlafingen,2519,32666,0.391
Halten,2520,39711,0.403
Horriwil,2523,40524,0.426
Hüniken,2524,42761,0.31
Kriegstetten,2525,39189,0.389
Lohn-Ammannsegg,2526,49819,0.439
Luterbach,2527,36496,0.366
Obergerlafingen,2528,39699,0.372
Oekingen,2529,41641,0.397
Recherswil,2530,39284,0.365
Subingen,2532,37971,0.396
Zuchwil,2534,32872,0.389
Drei Höfe,2535,37761,0.39
Balm bei Günsberg,2541,47608,0.451
Bellach,2542,36027,0.406
Bettlach,2543,42857,0.427
Feldbrunnen-St. Niklaus,2544,74353,0.542
Flumenthal,2545,36398,0.365
Grenchen,2546,34323,0.404
Günsberg,2547,46284,0.472
Hubersdorf,2548,39410,0.391
Kammersrohr,2549,69816,0.678
Langendorf,2550,40037,0.41
Lommiswil,2551,41270,0.396
Oberdorf (SO),2553,46250,0.445
Riedholz,2554,45675,0.404
Rüttenen,2555,41610,0.415
Selzach,2556,38420,0.391
Boningen,2571,38513,0.379
Däniken,2572,39204,0.384
Dulliken,2573,32214,0.396
Eppenberg-Wöschnau,2574,37039,0.47
Fulenbach,2575,38561,0.379
Gretzenbach,2576,39513,0.419
Gunzgen,2578,38153,0.363
Hägendorf,2579,43182,0.429
Kappel (SO),2580,42827,0.416
Olten,2581,37104,0.43
Rickenbach (SO),2582,45132,0.432
Schönenwerd,2583,33867,0.399
Starrkirch-Wil,2584,45704,0.43
Walterswil (SO),2585,35441,0.389
Wangen bei Olten,2586,39128,0.417
Solothurn,2601,40411,0.43
Bärschwil,2611,33031,0.398
Beinwil (SO),2612,31358,0.386
Breitenbach,2613,38963,0.441
Büsserach,2614,38919,0.424
Erschwil,2615,37574,0.418
Fehren,2616,34939,0.397
Grindel,2617,35183,0.44
Himmelried,2618,43609,0.443
Kleinlützel,2619,31458,0.408
Meltingen,2620,34808,0.42
Nunningen,2621,39027,0.43
Zullwil,2622,32342,0.376
Basel,2701,45913,0.519
Bettingen,2702,96286,0.681
Riehen,2703,59789,0.519
Aesch (BL),2761,45487,0.399
Allschwil,2762,47385,0.43
Arlesheim,2763,59662,0.533
Biel-Benken,2764,73567,0.521
Binningen,2765,65838,0.549
Birsfelden,2766,38057,0.382
Bottmingen,2767,69320,0.518
Ettingen,2768,48408,0.409
Münchenstein,2769,42406,0.432
Muttenz,2770,46083,0.431
Oberwil (BL),2771,58510,0.487
Pfeffingen,2772,65811,0.509
Reinach (BL),2773,49573,0.45
Schönenbuch,2774,53222,0.428
Therwil,2775,54601,0.464
Blauen,2781,47564,0.457
Brislach,2782,38636,0.38
Burg im Leimental,2783,45935,0.485
Dittingen,2784,37826,0.375
Duggingen,2785,45257,0.416
Grellingen,2786,38758,0.435
Laufen,2787,38125,0.405
Liesberg,2788,36553,0.382
Nenzlingen,2789,42123,0.389
Roggenburg,2790,30264,0.384
Röschenz,2791,44983,0.385
Wahlen,2792,38219,0.366
Zwingen,2793,38660,0.386
Arisdorf,2821,49603,0.406
Augst,2822,45912,0.39
Bubendorf,2823,42669,0.415
Frenkendorf,2824,41192,0.408
Füllinsdorf,2825,44678,0.429
Giebenach,2826,45708,0.39
Hersberg,2827,49179,0.389
Lausen,2828,40369,0.379
Liestal,2829,41809,0.433
Lupsingen,2830,55141,0.447
Pratteln,2831,38067,0.398
Ramlinsburg,2832,52523,0.426
Seltisberg,2833,54330,0.427
Ziefen,2834,38395,0.411
Anwil,2841,38787,0.401
Böckten,2842,47559,0.427
Buckten,2843,39263,0.367
Buus,2844,38970,0.378
Diepflingen,2845,41043,0.367
Gelterkinden,2846,39555,0.381
Häfelfingen,2847,40003,0.367
Hemmiken,2848,37071,0.375
Itingen,2849,43202,0.379
Känerkinden,2850,51093,0.465
Kilchberg (BL),2851,47298,0.402
Läufelfingen,2852,39143,0.414
Maisprach,2853,46885,0.436
Nusshof,2854,59412,0.391
Oltingen,2855,35544,0.373
Ormalingen,2856,41865,0.385
Rickenbach (BL),2857,41241,0.376
Rothenfluh,2858,38717,0.411
Rümlingen,2859,37998,0.363
Rünenberg,2860,42503,0.392
Sissach,2861,44910,0.413
Tecknau,2862,36775,0.423
Tenniken,2863,42626,0.358
Thürnen,2864,39524,0.38
Wenslingen,2865,43327,0.365
Wintersingen,2866,41178,0.413
Wittinsburg,2867,43220,0.378
Zeglingen,2868,36573,0.342
Zunzgen,2869,38820,0.37
Arboldswil,2881,49715,0.401
Bennwil,2882,41887,0.377
Bretzwil,2883,36275,0.361
Diegten,2884,40122,0.36
Eptingen,2885,34482,0.344
Hölstein,2886,42536,0.4
Lampenberg,2887,44416,0.422
Langenbruck,2888,32687,0.381
Lauwil,2889,38385,0.336
Liedertswil,2890,39422,0.305
Niederdorf,2891,37800,0.383
Oberdorf (BL),2892,38399,0.406
Reigoldswil,2893,35163,0.395
Titterten,2894,37899,0.39
Waldenburg,2895,35164,0.407
Gächlingen,2901,37154,0.391
Löhningen,2903,42941,0.378
Neunkirch,2904,38595,0.396
Büttenhardt,2914,45585,0.417
Dörflingen,2915,45514,0.416
Lohn (SH),2917,44184,0.399
Stetten (SH),2919,57012,0.465
Thayngen,2920,39059,0.374
Bargen (SH),2931,34273,0.389
Beringen,2932,39692,0.369
Buchberg,2933,55030,0.472
Merishausen,2936,38621,0.399
Neuhausen am Rheinfall,2937,35157,0.412
Rüdlingen,2938,60448,0.505
Schaffhausen,2939,38960,0.428
Beggingen,2951,30703,0.397
Schleitheim,2952,34738,0.402
Siblingen,2953,40684,0.371
Buch (SH),2961,43464,0.459
Hemishofen,2962,39525,0.406
Ramsen,2963,35895,0.402
Stein am Rhein,2964,40968,0.45
Hallau,2971,36097,0.395
Oberhallau,2972,38662,0.338
Trasadingen,2973,33473,0.387
Wilchingen,2974,37375,0.405
Herisau,3001,37100,0.423
Hundwil,3002,29954,0.372
Schönengrund,3003,33857,0.383
Schwellbrunn,3004,34402,0.395
Stein (AR),3005,42712,0.438
Urnäsch,3006,32467,0.395
Waldstatt,3007,37228,0.397
Bühler,3021,34671,0.406
Gais,3022,41211,0.45
Speicher,3023,43575,0.446
Teufen (AR),3024,58981,0.55
Trogen,3025,36577,0.449
Grub (AR),3031,35498,0.43
Heiden,3032,38906,0.424
Lutzenberg,3033,39973,0.414
Rehetobel,3034,37728,0.445
Reute (AR),3035,36082,0.397
Wald (AR),3036,34796,0.458
Walzenhausen,3037,39312,0.467
Wolfhalden,3038,38557,0.435
Appenzell,3101,44756,0.459
Gonten,3102,36007,0.408
Rüte,3103,50089,0.523
Schlatt-Haslen,3104,33734,0.394
Schwende,3105,39308,0.433
Oberegg,3111,37559,0.41
Häggenschwil,3201,39987,0.392
Muolen,3202,36837,0.375
St. Gallen,3203,38131,0.445
Wittenbach,3204,37404,0.388
Berg (SG),3211,45512,0.423
Eggersriet,3212,40817,0.399
Goldach,3213,39052,0.394
Mörschwil,3214,59240,0.519
Rorschach,3215,31725,0.403
Rorschacherberg,3216,40647,0.431
Steinach,3217,38758,0.391
Tübach,3218,51251,0.429
Untereggen,3219,41674,0.418
Au (SG),3231,39994,0.418
Balgach,3232,40823,0.415
Berneck,3233,41720,0.43
Diepoldsau,3234,40466,0.391
Rheineck,3235,35206,0.407
St. Margrethen,3236,32819,0.372
Thal,3237,40777,0.436
Widnau,3238,38058,0.39
Altstätten,3251,35015,0.413
Eichberg,3252,36553,0.414
Marbach (SG),3253,37562,0.394
Oberriet (SG),3254,35669,0.364
Rebstein,3255,35044,0.381
Rüthi (SG),3256,35045,0.368
Buchs (SG),3271,37037,0.392
Gams,3272,36000,0.404
Grabs,3273,38091,0.422
Sennwald,3274,35622,0.386
Sevelen,3275,36269,0.403
Wartau,3276,35689,0.39
Bad Ragaz,3291,38803,0.397
Flums,3292,30562,0.381
Mels,3293,35580,0.368
Pfäfers,3294,32526,0.407
Quarten,3295,32236,0.403
Sargans,3296,37878,0.383
Vilters-Wangs,3297,36737,0.387
Walenstadt,3298,37017,0.384
Amden,3311,39756,0.441
Benken (SG),3312,37867,0.401
Kaltbrunn,3313,36714,0.367
Schänis,3315,36139,0.359
Weesen,3316,39734,0.433
Schmerikon,3338,41413,0.424
Uznach,3339,37556,0.4
Rapperswil-Jona,3340,48359,0.458
Gommiswald,3341,40217,0.428
Eschenbach (SG),3342,38443,0.411
Ebnat-Kappel,3352,32265,0.394
Wildhaus-Alt St. Johann,3359,29973,0.398
Nesslau,3360,31633,0.399
Hemberg,3372,30923,0.4
Lichtensteig,3374,33464,0.394
Oberhelfenschwil,3375,34997,0.409
Neckertal,3378,30220,0.387
Wattwil,3379,32853,0.396
Kirchberg (SG),3392,35156,0.397
Lütisburg,3393,35149,0.405
Mosnang,3394,33946,0.401
Bütschwil-Ganterschwil,3395,34175,0.398
Degersheim,3401,34026,0.398
Flawil,3402,36570,0.397
Jonschwil,3405,40791,0.385
Oberuzwil,3407,39101,0.4
Uzwil,3408,36837,0.385
Niederbüren,3422,37302,0.389
Niederhelfenschwil,3423,39370,0.397
Oberbüren,3424,40281,0.374
Zuzwil (SG),3426,45764,0.426
Wil (SG),3427,39896,0.428
Andwil (SG),3441,43430,0.406
Gaiserwald,3442,45103,0.423
Gossau (SG),3443,38900,0.393
Waldkirch,3444,38998,0.401
Mutten,3503,31011,0.338
Vaz/Obervaz,3506,38141,0.559
Lantsch/Lenz,3513,28853,0.43
Schmitten (GR),3514,27274,0.402
Bergün/Bravuogn,3521,28331,0.435
Filisur,3522,32346,0.415
Bivio,3531,24894,0.442
Cunter,3532,30110,0.453
Marmorera,3533,65816,0.727
Mulegns,3534,27824,0.378
Riom-Parsonz,3536,28404,0.405
Salouf,3538,26161,0.491
Savognin,3539,28956,0.444
Sur,3540,21560,0.453
Tinizong-Rona,3541,30267,0.442
Albula/Alvra,3542,28165,0.43
Brusio,3551,28754,0.419
Poschiavo,3561,32359,0.432
Falera,3572,28718,0.464
Laax,3575,31741,0.497
Sagogn,3581,30403,0.442
Schluein,3582,33269,0.436
Vals,3603,29467,0.442
Andiast,3611,24807,0.398
Obersaxen,3612,25255,0.503
Waltensburg/Vuorz,3616,26326,0.42
Mundaun,3617,24952,0.441
Lumnezia,3618,28108,0.395
Ilanz/Glion,3619,31726,0.428
Fürstenau,3633,36593,0.409
Rothenbrunnen,3637,32647,0.396
Scharans,3638,35539,0.419
Sils im Domleschg,3640,34824,0.357
Cazis,3661,31935,0.408
Flerden,3662,29841,0.354
Masein,3663,36502,0.362
Thusis,3668,34281,0.41
Tschappina,3669,26288,0.384
Urmein,3670,37675,0.45
Safiental,3672,28100,0.39
Domleschg,3673,35064,0.42
Avers,3681,27484,0.436
Hinterrhein,3691,26799,0.361
Nufenen,3693,34800,0.418
Splügen,3694,29918,0.417
Sufers,3695,35951,0.31
Andeer,3701,33711,0.384
Casti-Wergenstein,3703,29814,0.446
Donat,3705,31426,0.4
Lohn (GR),3707,25511,0.421
Mathon,3708,20974,0.41
Rongellen,3711,37467,0.366
Zillis-Reischen,3712,32450,0.383
Ferrera,3713,31981,0.357
Bonaduz,3721,39289,0.393
Domat/Ems,3722,37214,0.377
Rhäzüns,3723,36629,0.384
Felsberg,3731,42637,0.406
Flims,3732,33114,0.489
Tamins,3733,37353,0.391
Trin,3734,34547,0.39
Zernez,3746,38284,0.386
Samnaun,3752,36093,0.464
Scuol,3762,34071,0.44
Valsot,3764,32969,0.395
Bever,3781,45905,0.472
Celerina/Schlarigna,3782,68679,0.689
Madulain,3783,31972,0.473
Pontresina,3784,47230,0.529
La Punt-Chamues-ch,3785,42897,0.584
Samedan,3786,42023,0.435
St. Moritz,3787,63612,0.639
S-chanf,3788,45307,0.421
Sils im Engadin/Segl,3789,43246,0.539
Silvaplana,3790,41094,0.573
Zuoz,3791,36601,0.485
Bregaglia,3792,30640,0.457
Buseno,3804,27164,0.405
Castaneda,3805,33411,0.387
Rossa,3808,29919,0.418
Santa Maria in Calanca,3810,31033,0.482
Lostallo,3821,33595,0.366
Mesocco,3822,26578,0.489
Soazza,3823,39942,0.519
Cama,3831,37853,0.434
Grono,3832,35702,0.443
Leggia,3833,30314,0.334
Roveredo (GR),3834,33239,0.394
San Vittore,3835,34540,0.441
Verdabbio,3836,25508,0.436
Calanca,3837,23597,0.432
Val Müstair,3847,30120,0.417
Davos,3851,38748,0.473
Fideris,3861,31633,0.42
Furna,3862,25486,0.356
Jenaz,3863,33200,0.364
Klosters-Serneus,3871,40286,0.507
Conters im Prättigau,3881,34733,0.402
Küblis,3882,32766,0.367
Saas,3883,31969,0.351
Luzein,3891,32438,0.401
St. Antönien,3893,26565,0.352
Chur,3901,39313,0.437
Churwalden,3911,32163,0.437
Arosa,3921,35511,0.471
Maladers,3926,34318,0.364
Tschiertschen-Praden,3932,28776,0.382
Haldenstein,3941,39833,0.409
Trimmis,3945,40576,0.399
Untervaz,3946,39068,0.363
Zizers,3947,39230,0.399
Fläsch,3951,49101,0.471
Jenins,3952,45239,0.456
Maienfeld,3953,46445,0.436
Malans,3954,47836,0.469
Landquart,3955,36146,0.378
Grüsch,3961,35255,0.398
Schiers,3962,33588,0.389
Seewis im Prättigau,3972,34661,0.399
Breil/Brigels,3981,29074,0.392
Disentis/Mustér,3982,30592,0.429
Medel (Lucmagn),3983,27301,0.411
Sumvitg,3985,28503,0.399
Tujetsch,3986,32704,0.429
Trun,3987,28228,0.392
Aarau,4001,42431,0.409
Biberstein,4002,55944,0.42
Buchs (AG),4003,41872,0.362
Densbüren,4004,37400,0.372
Erlinsbach (AG),4005,49105,0.411
Gränichen,4006,39910,0.366
Hirschthal,4007,45698,0.394
Küttigen,4008,46472,0.417
Muhen,4009,41051,0.363
Oberentfelden,4010,38419,0.377
Suhr,4012,39366,0.384
Unterentfelden,4013,42371,0.371
Baden,4021,47477,0.422
Bellikon,4022,55907,0.406
Bergdietikon,4023,59480,0.439
Birmenstorf (AG),4024,48209,0.375
Ennetbaden,4026,58973,0.449
Fislisbach,4027,42174,0.377
Freienwil,4028,44557,0.393
Gebenstorf,4029,41452,0.37
Killwangen,4030,46644,0.376
Künten,4031,41292,0.379
Mägenwil,4032,42754,0.376
Mellingen,4033,42376,0.382
Neuenhof,4034,35516,0.357
Niederrohrdorf,4035,47752,0.382
Oberrohrdorf,4037,52599,0.436
Obersiggenthal,4038,47227,0.419
Remetschwil,4039,50648,0.449
Spreitenbach,4040,36943,0.377
Stetten (AG),4041,41306,0.379
Turgi,4042,37962,0.397
Untersiggenthal,4044,41431,0.391
Wettingen,4045,43979,0.419
Wohlenschwil,4046,42031,0.395
Würenlingen,4047,43415,0.365
Würenlos,4048,50751,0.409
Ehrendingen,4049,44444,0.381
Arni (AG),4061,54056,0.423
Berikon,4062,46699,0.41
Bremgarten (AG),4063,41532,0.402
Büttikon,4064,46930,0.388
Dottikon,4065,38581,0.352
Eggenwil,4066,48519,0.377
Fischbach-Göslikon,4067,41227,0.367
Hägglingen,4068,43141,0.394
Jonen,4071,50580,0.421
Niederwil (AG),4072,41961,0.389
Oberlunkhofen,4073,58779,0.451
Oberwil-Lieli,4074,76724,0.574
Rudolfstetten-Friedlisberg,4075,44553,0.406
Sarmenstorf,4076,42036,0.382
Tägerig,4077,42378,0.36
Uezwil,4078,40463,0.375
Unterlunkhofen,4079,48082,0.372
Villmergen,4080,39524,0.356
Widen,4081,56251,0.467
Wohlen (AG),4082,37868,0.398
Zufikon,4083,46020,0.407
Islisberg,4084,50631,0.361
Auenstein,4091,48244,0.401
Birr,4092,39194,0.364
Birrhard,4093,40850,0.366
Bözen,4094,38836,0.355
Brugg,4095,41348,0.419
Effingen,4096,42261,0.401
Elfingen,4097,41831,0.363
Habsburg,4099,55430,0.413
Hausen (AG),4100,44345,0.374
Lupfig,4104,43480,0.349
Mandach,4105,40253,0.393
Mönthal,4106,46101,0.353
Mülligen,4107,42024,0.356
Remigen,4110,47301,0.369
Riniken,4111,42355,0.385
Rüfenach,4112,45202,0.378
Scherz,4113,42619,0.38
Schinznach-Bad,4114,40384,0.404
Thalheim (AG),4117,43052,0.366
Veltheim (AG),4120,38853,0.396
Villigen,4121,43443,0.353
Villnachern,4122,41753,0.376
Windisch,4123,39007,0.393
Bözberg,4124,45400,0.413
Schinznach,4125,41429,0.412
Beinwil am See,4131,42525,0.42
Birrwil,4132,44170,0.399
Burg (AG),4133,34625,0.358
Dürrenäsch,4134,40167,0.366
Gontenschwil,4135,37500,0.369
Holziken,4136,38427,0.335
Leimbach (AG),4137,42862,0.376
Leutwil,4138,38947,0.369
Menziken,4139,34729,0.383
Oberkulm,4140,36914,0.373
Reinach (AG),4141,34058,0.378
Schlossrued,4142,35477,0.381
Schmiedrued,4143,33780,0.364
Schöftland,4144,40330,0.379
Teufenthal (AG),4145,36906,0.359
Unterkulm,4146,36302,0.381
Zetzwil,4147,38759,0.355
Eiken,4161,41200,0.371
Frick,4163,42211,0.397
Gansingen,4164,40694,0.385
Gipf-Oberfrick,4165,45425,0.411
Herznach,4166,43068,0.382
Hornussen,4167,35614,0.345
Kaisten,4169,41887,0.389
Laufenburg,4170,41223,0.387
Münchwilen (AG),4172,42899,0.364
Oberhof,4173,39717,0.385
Oeschgen,4175,41553,0.358
Schwaderloch,4176,38203,0.351
Sisseln,4177,41415,0.356
Ueken,4179,40134,0.349
Wittnau,4181,41833,0.361
Wölflinswil,4182,38008,0.372
Zeihen,4183,40189,0.355
Mettauertal,4184,40278,0.363
Ammerswil,4191,44290,0.362
Boniswil,4192,40843,0.396
Brunegg,4193,42221,0.322
Dintikon,4194,40415,0.354
Egliswil,4195,42989,0.369
Fahrwangen,4196,37187,0.373
Hallwil,4197,35624,0.353
Hendschiken,4198,37432,0.335
Holderbank (AG),4199,40405,0.333
Hunzenschwil,4200,39457,0.342
Lenzburg,4201,43073,0.421
Meisterschwanden,4202,52071,0.452
Möriken-Wildegg,4203,44808,0.402
Niederlenz,4204,39342,0.379
Othmarsingen,4205,39810,0.357
Rupperswil,4206,42447,0.363
Schafisheim,4207,40858,0.381
Seengen,4208,48748,0.421
Seon,4209,39261,0.378
Staufen,4210,44446,0.375
Abtwil,4221,40861,0.391
Aristau,4222,44191,0.404
Auw,4223,42398,0.361
Beinwil (Freiamt),4224,43557,0.448
Besenbüren,4226,42094,0.358
Bettwil,4227,43452,0.421
Boswil,4228,38020,0.345
Bünzen,4229,39384,0.37
Buttwil,4230,42073,0.372
Dietwil,4231,39805,0.355
Geltwil,4232,43998,0.449
Kallern,4233,47669,0.426
Merenschwand,4234,42061,0.399
Mühlau,4235,40871,0.361
Muri (AG),4236,40429,0.379
Oberrüti,4237,41871,0.381
Rottenschwil,4238,42852,0.399
Sins,4239,40774,0.387
Waltenschwil,4240,41274,0.384
Hellikon,4251,36804,0.339
Kaiseraugst,4252,47048,0.377
Magden,4253,54794,0.446
Möhlin,4254,41379,0.381
Mumpf,4255,40623,0.361
Obermumpf,4256,39367,0.386
Olsberg,4257,61597,0.469
Rheinfelden,4258,44739,0.408
Schupfart,4259,41217,0.347
Stein (AG),4260,44287,0.405
Wallbach,4261,49368,0.428
Wegenstetten,4262,40694,0.4
Zeiningen,4263,45574,0.406
Zuzgen,4264,43225,0.405
Aarburg,4271,36140,0.362
Attelwil,4272,39248,0.373
Bottenwil,4273,40278,0.379
Brittnau,4274,38944,0.353
Kirchleerau,4275,37309,0.332
Kölliken,4276,39426,0.367
Moosleerau,4277,36629,0.354
Murgenthal,4279,36636,0.373
Oftringen,4280,37789,0.352
Reitnau,4281,36645,0.372
Rothrist,4282,39436,0.374
Safenwil,4283,37348,0.341
Staffelbach,4284,37817,0.323
Strengelbach,4285,37161,0.355
Uerkheim,4286,39005,0.358
Vordemwald,4287,38289,0.356
Wiliberg,4288,42038,0.309
Zofingen,4289,41494,0.386
Baldingen,4301,39869,0.402
Böbikon,4302,47289,0.509
Böttstein,4303,39347,0.385
Döttingen,4304,40334,0.384
Endingen,4305,43811,0.386
Fisibach,4306,40058,0.379
Full-Reuenthal,4307,39289,0.377
Kaiserstuhl,4308,40125,0.422
Klingnau,4309,40873,0.4
Koblenz,4310,36696,0.352
Leibstadt,4311,40129,0.384
Lengnau (AG),4312,43057,0.411
Leuggern,4313,39201,0.385
Mellikon,4314,39627,0.382
Rekingen (AG),4315,35016,0.379
Rietheim,4316,34988,0.393
Rümikon,4317,37642,0.362
Schneisingen,4318,45184,0.369
Siglistorf,4319,40317,0.405
Tegerfelden,4320,43932,0.379
Wislikofen,4322,40005,0.359
Bad Zurzach,4323,38688,0.408
Arbon,4401,35143,0.398
Dozwil,4406,36254,0.395
Egnach,4411,40474,0.401
Hefenhofen,4416,35587,0.405
Horn,4421,44136,0.411
Kesswil,4426,44494,0.411
Roggwil (TG),4431,42519,0.401
Romanshorn,4436,35684,0.408
Salmsach,4441,35931,0.358
Sommeri,4446,35963,0.385
Uttwil,4451,47196,0.455
Amriswil,4461,34597,0.398
Bischofszell,4471,35448,0.385
Erlen,4476,36311,0.39
Hauptwil-Gottshaus,4486,36709,0.38
Hohentannen,4495,36217,0.395
Kradolf-Schönenberg,4501,35007,0.377
Sulgen,4506,36767,0.376
Zihlschlacht-Sitterdorf,4511,43115,0.478
Basadingen-Schlattingen,4536,38124,0.404
Diessenhofen,4545,39330,0.397
Schlatt (TG),4546,39695,0.397
Aadorf,4551,40843,0.381
Felben-Wellhausen,4561,42010,0.356
Frauenfeld,4566,42074,0.419
Gachnang,4571,44627,0.405
Hüttlingen,4590,38403,0.377
Matzingen,4591,39327,0.415
Neunforn,4601,47777,0.439
Stettfurt,4606,51869,0.434
Thundorf,4611,38082,0.391
Uesslingen-Buch,4616,42342,0.411
Warth-Weiningen,4621,60307,0.501
Altnau,4641,42993,0.424
Bottighofen,4643,70371,0.564
Ermatingen,4646,50324,0.501
Gottlieben,4651,50614,0.482
Güttingen,4656,39879,0.409
Kemmental,4666,39168,0.453
Kreuzlingen,4671,39840,0.447
Langrickenbach,4681,35048,0.383
Lengwil,4683,37891,0.406
Münsterlingen,4691,46266,0.47
Tägerwilen,4696,41012,0.439
Wäldi,4701,39081,0.412
Affeltrangen,4711,37991,0.369
Bettwiesen,4716,41028,0.43
Bichelsee-Balterswil,4721,40541,0.371
Braunau,4723,39030,0.397
Eschlikon,4724,42444,0.394
Fischingen,4726,38509,0.387
Lommis,4741,41762,0.442
Münchwilen (TG),4746,39263,0.388
Rickenbach (TG),4751,37238,0.373
Schönholzerswilen,4756,35676,0.394
Sirnach,4761,42647,0.444
Tobel-Tägerschen,4776,37796,0.374
Wängi,4781,40587,0.396
Wilen (TG),4786,43111,0.384
Wuppenau,4791,40342,0.43
Berlingen,4801,42799,0.441
Eschenz,4806,37369,0.4
Herdern,4811,42107,0.413
Homburg,4816,40481,0.418
Hüttwilen,4821,44730,0.402
Mammern,4826,45531,0.456
Müllheim,4831,37794,0.39
Pfyn,4841,39125,0.369
Raperswilen,4846,35610,0.385
Salenstein,4851,66166,0.589
Steckborn,4864,40505,0.452
Wagenhausen,4871,36404,0.383
Amlikon-Bissegg,4881,39587,0.399
Berg (TG),4891,38788,0.421
Birwinken,4901,36016,0.393
Bürglen (TG),4911,35638,0.374
Bussnang,4921,38100,0.42
Märstetten,4941,40472,0.388
Weinfelden,4946,39851,0.408
Wigoltingen,4951,39085,0.38
Arbedo-Castione,5001,36331,0.413
Bellinzona,5002,35454,0.454
Cadenazzo,5003,31455,0.412
Camorino,5004,37789,0.446
Giubiasco,5005,35432,0.425
Gnosca,5006,37048,0.366
Gorduno,5007,38121,0.384
Gudo,5008,36498,0.45
Isone,5009,33883,0.333
Lumino,5010,36950,0.412
Moleno,5012,29518,0.431
Monte Carasso,5013,38304,0.406
Pianezzo,5014,39831,0.42
Preonzo,5015,34688,0.403
Sant'Antonino,5017,35901,0.403
Sant'Antonio,5018,32859,0.422
Sementina,5019,40097,0.457
Acquarossa,5048,28799,0.413
Blenio,5049,30228,0.396
Serravalle,5050,30448,0.423
Airolo,5061,33774,0.395
Bedretto,5063,60235,0.63
Bodio,5064,30179,0.402
Dalpe,5071,37675,0.521
Faido,5072,30283,0.424
Giornico,5073,31052,0.387
Personico,5076,32364,0.385
Pollegio,5077,30934,0.393
Prato (Leventina),5078,31087,0.464
Quinto,5079,33624,0.449
Sobrio,5081,24938,0.434
Ascona,5091,42827,0.596
Brione (Verzasca),5095,29744,0.508
Brione sopra Minusio,5096,39912,0.533
Brissago,5097,33286,0.564
Corippo,5102,19922,0.487
Frasco,5105,28172,0.441
Gordola,5108,35671,0.431
Gresso,5109,25386,0.39
Lavertezzo,5112,31311,0.43
Locarno,5113,32064,0.468
Losone,5115,35842,0.453
Mergoscia,5117,24166,0.526
Minusio,5118,39764,0.512
Mosogno,5119,24631,0.496
Muralto,5120,37459,0.528
Orselina,5121,41512,0.564
Ronco sopra Ascona,5125,43812,0.679
Sonogno,5129,26695,0.34
Tenero-Contra,5131,32659,0.422
Vergeletto,5132,23993,0.423
Vogorno,5135,26064,0.426
Onsernone,5136,23069,0.458
Isorno,5137,26896,0.485
Cugnasco-Gerra,5138,37092,0.438
Agno,5141,39126,0.504
Aranno,5143,40079,0.534
Arogno,5144,32812,0.484
Astano,5146,32117,0.488
Bedano,5148,41073,0.444
Bedigliora,5149,31987,0.496
Bioggio,5151,43283,0.494
Bissone,5154,49133,0.666
Brusino Arsizio,5160,35105,0.534
Cademario,5161,43919,0.55
Cadempino,5162,40191,0.481
Canobbio,5167,43355,0.484
Caslano,5171,33156,0.469
Comano,5176,62284,0.556
Croglio,5178,38948,0.509
Cureglia,5180,61289,0.562
Curio,5181,32677,0.485
Grancia,5186,34837,0.417
Gravesano,5187,45332,0.485
Lamone,5189,32168,0.404
Lugano,5192,46650,0.592
Magliaso,5193,45017,0.529
Manno,5194,48441,0.484
Maroggia,5195,40050,0.62
Massagno,5196,43595,0.573
Melano,5197,38494,0.536
Melide,5198,44049,0.573
Mezzovico-Vira,5199,44413,0.467
Miglieglia,5200,30617,0.423
Monteggio,5202,30413,0.42
Morcote,5203,70525,0.75
Muzzano,5205,51050,0.55
Neggio,5206,45511,0.555
Novaggio,5207,34150,0.418
Origlio,5208,57993,0.606
Paradiso,5210,52518,0.675
Ponte Capriasca,5212,45613,0.502
Ponte Tresa,5213,30632,0.513
Porza,5214,76098,0.643
Pura,5216,41863,0.532
Rovio,5219,39772,0.53
Savosa,5221,51008,0.584
Sessa,5222,34843,0.459
Sorengo,5225,62733,0.627
Capriasca,5226,36467,0.459
Torricella-Taverne,5227,37272,0.436
Vernate,5230,50061,0.519
Vezia,5231,43148,0.474
Vico Morcote,5233,82459,0.731
Collina d'Oro,5236,77238,0.663
Alto Malcantone,5237,33305,0.462
Monteceneri,5238,33833,0.39
Balerna,5242,33885,0.486
Castel San Pietro,5249,46038,0.523
Chiasso,5250,30363,0.497
Coldrerio,5251,38743,0.479
Mendrisio,5254,40550,0.51
Morbio Inferiore,5257,36547,0.5
Novazzano,5260,40256,0.48
Riva San Vitale,5263,35566,0.484
Stabio,5266,35337,0.473
Vacallo,5268,41528,0.523
Breggia,5269,37431,0.462
Biasca,5281,32154,0.402
Claro,5282,35058,0.413
Cresciano,5283,30408,0.368
Iragna,5284,31355,0.36
Lodrino,5285,33427,0.404
Osogna,5286,32263,0.388
Bosco/Gurin,5304,28703,0.389
Campo (Vallemaggia),5307,21217,0.411
Cerentino,5309,26378,0.429
Cevio,5310,28082,0.424
Linescio,5315,29335,0.538
Maggia,5317,30904,0.444
Lavizzara,5323,28115,0.408
Avegno Gordevio,5324,31399,0.426
Terre di Pedemonte,5396,37755,0.472
Centovalli,5397,29920,0.448
Gambarogno,5398,30429,0.475
Aigle,5401,32781,0.427
Bex,5402,31484,0.44
Chessel,5403,33803,0.419
Corbeyrier,5404,31910,0.449
Gryon,5405,27569,0.541
Lavey-Morcles,5406,31574,0.378
Leysin,5407,28043,0.511
Noville,5408,38129,0.424
Ollon,5409,39305,0.575
Ormont-Dessous,5410,27432,0.457
Ormont-Dessus,5411,28993,0.49
Rennaz,5412,34609,0.381
Roche (VD),5413,33666,0.376
Villeneuve (VD),5414,34107,0.435
Yvorne,5415,43581,0.435
Apples,5421,48941,0.503
Aubonne,5422,54987,0.533
Ballens,5423,41787,0.406
Berolle,5424,40678,0.423
Bière,5425,34742,0.398
Bougy-Villars,5426,89204,0.624
Féchy,5427,90153,0.647
Gimel,5428,40604,0.468
Longirod,5429,45546,0.399
Marchissy,5430,41602,0.472
Mollens (VD),5431,44686,0.541
Montherod,5432,45145,0.521
Saint-George,5434,47768,0.467
Saint-Livres,5435,47664,0.457
Saint-Oyens,5436,44470,0.424
Saubraz,5437,38896,0.406
Avenches,5451,33030,0.39
Cudrefin,5456,42116,0.414
Faoug,5458,41629,0.412
Vully-les-Lacs,5464,41535,0.427
Bettens,5471,45209,0.392
Bournens,5472,50488,0.413
Boussens,5473,45833,0.394
La Chaux (Cossonay),5474,42817,0.409
Chavannes-le-Veyron,5475,36094,0.442
Chevilly,5476,42776,0.4
Cossonay,5477,41107,0.434
Cottens (VD),5478,46621,0.402
Cuarnens,5479,42386,0.426
Daillens,5480,51100,0.41
Dizy,5481,48670,0.475
Eclépens,5482,43350,0.403
Ferreyres,5483,47042,0.48
Gollion,5484,43325,0.39
Grancy,5485,53107,0.501
L'Isle,5486,37363,0.416
Lussery-Villars,5487,40269,0.363
Mauraz,5488,37121,0.384
Mex (VD),5489,58861,0.509
Moiry,5490,36791,0.394
Mont-la-Ville,5491,40469,0.386
Montricher,5492,108008,0.771
Orny,5493,35349,0.428
Pampigny,5494,41808,0.427
Penthalaz,5495,38803,0.393
Penthaz,5496,44681,0.391
Pompaples,5497,32821,0.44
La Sarraz,5498,39029,0.416
Senarclens,5499,53268,0.569
Sévery,5500,42886,0.447
Sullens,5501,50279,0.463
Vufflens-la-Ville,5503,54796,0.445
Assens,5511,51454,0.451
Bercher,5512,40370,0.43
Bioley-Orjulaz,5513,44827,0.347
Bottens,5514,45342,0.437
Bretigny-sur-Morrens,5515,48858,0.431
Cugy (VD),5516,47987,0.442
Echallens,5518,40415,0.413
Essertines-sur-Yverdon,5520,43249,0.402
Etagnières,5521,46584,0.416
Fey,5522,40991,0.368
Froideville,5523,45368,0.394
Morrens (VD),5527,48035,0.429
Oulens-sous-Echallens,5529,47013,0.399
Pailly,5530,41169,0.404
Penthéréaz,5531,42562,0.417
Poliez-Pittet,5533,40187,0.376
Rueyres,5534,45032,0.369
Saint-Barthélemy (VD),5535,38674,0.467
Villars-le-Terroir,5537,42857,0.401
Vuarrens,5539,39076,0.403
Montilliez,5540,43792,0.39
Goumoëns,5541,44991,0.458
Bonvillars,5551,43794,0.428
Bullet,5552,33281,0.42
Champagne,5553,41456,0.431
Concise,5554,38385,0.445
Corcelles-près-Concise,5555,37345,0.455
Fiez,5556,41120,0.385
Fontaines-sur-Grandson,5557,37630,0.441
Giez,5559,46991,0.491
Grandevent,5560,46160,0.414
Grandson,5561,40774,0.475
Mauborget,5562,40933,0.526
Mutrux,5563,35574,0.395
Novalles,5564,41897,0.453
Onnens (VD),5565,41345,0.431
Provence,5566,29243,0.42
Sainte-Croix,5568,28170,0.444
Tévenon,5571,35834,0.431
Belmont-sur-Lausanne,5581,57574,0.492
Cheseaux-sur-Lausanne,5582,42853,0.407
Crissier,5583,38417,0.462
Epalinges,5584,54628,0.518
Jouxtens-Mézery,5585,92758,0.644
Lausanne,5586,38197,0.483
Le Mont-sur-Lausanne,5587,52775,0.495
Paudex,5588,76466,0.648
Prilly,5589,35800,0.411
Pully,5590,66789,0.573
Renens (VD),5591,32985,0.417
Romanel-sur-Lausanne,5592,40199,0.418
Chexbres,5601,46860,0.497
Forel (Lavaux),5604,42129,0.423
Lutry,5606,67429,0.582
Puidoux,5607,41796,0.457
Rivaz,5609,47862,0.446
Saint-Saphorin (Lavaux),5610,59408,0.513
Savigny,5611,46836,0.469
Bourg-en-Lavaux,5613,58171,0.532
Aclens,5621,51690,0.446
Bremblens,5622,62427,0.476
Buchillon,5623,98584,0.605
Bussigny,5624,39733,0.402
Bussy-Chardonney,5625,53409,0.465
Chavannes-près-Renens,5627,33817,0.391
Chigny,5628,66271,0.533
Clarmont,5629,49334,0.391
Denens,5631,56294,0.516
Denges,5632,45353,0.446
Echandens,5633,60072,0.533
Echichens,5634,50844,0.524
Ecublens (VD),5635,40904,0.46
Etoy,5636,45151,0.517
Lavigny,5637,43021,0.505
Lonay,5638,56144,0.493
Lully (VD),5639,67641,0.552
Lussy-sur-Morges,5640,110716,0.755
Morges,5642,43203,0.464
Préverenges,5643,53684,0.498
Reverolle,5644,48952,0.526
Romanel-sur-Morges,5645,53514,0.437
Saint-Prex,5646,56497,0.514
Saint-Sulpice (VD),5648,73830,0.544
Tolochenaz,5649,47940,0.486
Vaux-sur-Morges,5650,305992,0.897
Villars-Sainte-Croix,5651,55377,0.445
Villars-sous-Yens,5652,49942,0.497
Vufflens-le-Château,5653,75238,0.529
Vullierens,5654,45242,0.471
Yens,5655,61969,0.535
Boulens,5661,39171,0.439
Brenles,5662,40408,0.484
Bussy-sur-Moudon,5663,37099,0.343
Chavannes-sur-Moudon,5665,35773,0.397
Chesalles-sur-Moudon,5666,31546,0.419
Cremin,5668,25880,0.332
Curtilles,5669,36530,0.39
Dompierre (VD),5671,33944,0.416
Forel-sur-Lucens,5672,37835,0.41
Hermenches,5673,35514,0.409
Lovatens,5674,32707,0.366
Lucens,5675,31958,0.418
Moudon,5678,30884,0.405
Ogens,5680,40353,0.347
Prévonloup,5683,34046,0.386
Rossenges,5684,70101,0.548
Sarzens,5686,39918,0.332
Syens,5688,48283,0.508
Villars-le-Comte,5690,31834,0.371
Vucherens,5692,41489,0.418
Montanaire,5693,37814,0.382
Arnex-sur-Nyon,5701,86212,0.61
Arzier-Le Muids,5702,56923,0.591
Bassins,5703,52548,0.487
Begnins,5704,61597,0.574
Bogis-Bossey,5705,65760,0.54
Borex,5706,64832,0.541
Chavannes-de-Bogis,5707,62688,0.536
Chavannes-des-Bois,5708,80952,0.533
Chéserex,5709,65972,0.544
Coinsins,5710,68517,0.547
Commugny,5711,81324,0.595
Coppet,5712,91176,0.635
Crans-près-Céligny,5713,85643,0.601
Crassier,5714,67075,0.533
Duillier,5715,61957,0.505
Eysins,5716,55148,0.47
Founex,5717,90365,0.648
Genolier,5718,75504,0.608
Gingins,5719,68946,0.549
Givrins,5720,74821,0.56
Gland,5721,47263,0.471
Grens,5722,64058,0.553
Mies,5723,141545,0.785
Nyon,5724,52920,0.526
Prangins,5725,68968,0.571
La Rippe,5726,59727,0.537
Saint-Cergue,5727,42196,0.506
Signy-Avenex,5728,58099,0.458
Tannay,5729,84435,0.603
Trélex,5730,86985,0.631
Le Vaud,5731,51727,0.485
Vich,5732,59452,0.498
L'Abergement,5741,39094,0.426
Agiez,5742,40407,0.393
Arnex-sur-Orbe,5743,38989,0.406
Ballaigues,5744,33683,0.409
Baulmes,5745,35541,0.415
Bavois,5746,37958,0.368
Bofflens,5747,36818,0.419
Bretonnières,5748,38079,0.409
Chavornay,5749,38283,0.397
Les Clées,5750,41172,0.453
Corcelles-sur-Chavornay,5751,37851,0.435
Croy,5752,33606,0.429
Juriens,5754,37202,0.404
Lignerolle,5755,36758,0.399
Montcherand,5756,47868,0.472
Orbe,5757,36397,0.404
La Praz,5758,38356,0.419
Premier,5759,32175,0.459
Rances,5760,43197,0.406
Romainmôtier-Envy,5761,33818,0.375
Sergey,5762,36332,0.425
Valeyres-sous-Rances,5763,39957,0.424
Vallorbe,5764,32039,0.42
Vaulion,5765,31286,0.39
Vuiteboeuf,5766,35284,0.408
Carrouge (VD),5782,38714,0.377
Corcelles-le-Jorat,5785,40517,0.459
Essertes,5788,46036,0.387
Ferlens (VD),5789,41349,0.417
Maracon,5790,40293,0.421
Mézières (VD),5791,43332,0.427
Montpreveyres,5792,41781,0.388
Ropraz,5798,40351,0.42
Servion,5799,43923,0.456
Vulliens,5803,37651,0.406
Jorat-Menthue,5804,41049,0.412
Oron,5805,35057,0.434
Champtauroz,5812,36980,0.37
Chevroux,5813,34807,0.413
Corcelles-près-Payerne,5816,35341,0.404
Grandcour,5817,36277,0.402
Henniez,5819,35330,0.407
Missy,5821,34981,0.348
Payerne,5822,32614,0.417
Trey,5827,33723,0.396
Treytorrens (Payerne),5828,32806,0.316
Villarzel,5830,34601,0.424
Valbroye,5831,35333,0.401
Château-d'Oex,5841,30235,0.492
Rossinière,5842,31983,0.405
Rougemont,5843,49974,0.613
Allaman,5851,56799,0.534
Bursinel,5852,77916,0.602
Bursins,5853,58044,0.494
Burtigny,5854,42647,0.461
Dully,5855,118663,0.692
Essertines-sur-Rolle,5856,56801,0.53
Gilly,5857,60141,0.497
Luins,5858,62138,0.504
Mont-sur-Rolle,5859,58792,0.538
Perroy,5860,63865,0.543
Rolle,5861,53755,0.528
Tartegnin,5862,57802,0.52
Vinzel,5863,70628,0.583
L'Abbaye,5871,38967,0.482
Le Chenit,5872,36722,0.417
Le Lieu,5873,39100,0.448
Blonay,5881,57772,0.532
Chardonne,5882,50901,0.524
Corseaux,5883,63278,0.556
Corsier-sur-Vevey,5884,37611,0.443
Jongny,5885,57624,0.489
Montreux,5886,40148,0.539
Saint-Légier-La Chiésaz,5888,63363,0.559
La Tour-de-Peilz,5889,47050,0.508
Vevey,5890,36626,0.476
Veytaux,5891,40084,0.493
Belmont-sur-Yverdon,5902,39210,0.416
Bioley-Magnoux,5903,37578,0.343
Chamblon,5904,47634,0.509
Champvent,5905,40829,0.418
Chavannes-le-Chêne,5907,37330,0.397
Chêne-Pâquier,5908,37060,0.472
Cheseaux-Noréaz,5909,59658,0.489
Cronay,5910,40543,0.427
Cuarny,5911,43155,0.388
Démoret,5912,33049,0.37
Donneloye,5913,39551,0.467
Ependes (VD),5914,34058,0.396
Essert-Pittet,5915,37224,0.394
Mathod,5919,37474,0.394
Molondin,5921,32970,0.383
Montagny-près-Yverdon,5922,41538,0.429
Oppens,5923,42774,0.371
Orges,5924,41745,0.462
Orzens,5925,36517,0.437
Pomy,5926,42385,0.414
Rovray,5928,36567,0.378
Suchy,5929,46515,0.401
Suscévaz,5930,40596,0.361
Treycovagnes,5931,41217,0.425
Ursins,5932,46330,0.472
Valeyres-sous-Montagny,5933,42394,0.424
Valeyres-sous-Ursins,5934,43504,0.363
Villars-Epeney,5935,53922,0.659
Vugelles-La Mothe,5937,34536,0.404
Yverdon-les-Bains,5938,33630,0.418
Yvonand,5939,35727,0.416
Brig-Glis,6002,34056,0.45
Eggerberg,6004,28606,0.427
Naters,6007,32159,0.422
Ried-Brig,6008,34356,0.451
Simplon,6009,27721,0.503
Termen,6010,33881,0.462
Zwischbergen,6011,25377,0.454
Ardon,6021,31296,0.448
Chamoson,6022,30542,0.482
Conthey,6023,31143,0.449
Nendaz,6024,24247,0.575
Vétroz,6025,32713,0.447
Bagnes,6031,42575,0.686
Bourg-Saint-Pierre,6032,25776,0.462
Liddes,6033,27857,0.417
Orsières,6034,29085,0.506
Sembrancher,6035,25837,0.431
Vollèges,6036,30564,0.447
Bellwald,6052,16603,0.584
Binn,6054,26298,0.429
Blitzingen,6055,28031,0.801
Ernen,6056,20032,0.553
Fiesch,6057,24335,0.517
Fieschertal,6058,25290,0.483
Lax,6061,19974,0.561
Niederwald,6064,22730,0.501
Grafschaft,6073,24434,0.465
Münster-Geschinen,6074,25127,0.507
Reckingen-Gluringen,6075,23834,0.496
Obergoms,6076,25986,0.486
Les Agettes,6081,24090,0.536
Ayent,6082,26302,0.556
Evolène,6083,24819,0.548
Hérémence,6084,27677,0.534
Saint-Martin (VS),6087,26079,0.477
Vex,6089,21299,0.589
Mont-Noble,6090,27081,0.516
Agarn,6101,28635,0.41
Albinen,6102,18349,0.544
Ergisch,6104,23890,0.513
Inden,6109,23078,0.5
Leuk,6110,29528,0.42
Leukerbad,6111,19192,0.623
Oberems,6112,19980,0.543
Salgesch,6113,36786,0.505
Varen,6116,27576,0.426
Guttet-Feschel,6117,26200,0.451
Gampel-Bratsch,6118,30551,0.418
Turtmann-Unterems,6119,27825,0.437
Bovernier,6131,28907,0.435
Charrat,6132,29711,0.42
Fully,6133,31944,0.439
Isérables,6134,26757,0.406
Leytron,6135,29121,0.493
Martigny,6136,33767,0.47
Martigny-Combe,6137,33062,0.437
Riddes,6139,25881,0.531
Saillon,6140,31232,0.459
Saxon,6141,28108,0.432
Trient,6142,24974,0.584
Champéry,6151,30101,0.626
Collombey-Muraz,6152,32434,0.424
Monthey,6153,32186,0.452
Port-Valais,6154,32702,0.466
Saint-Gingolph,6155,25796,0.564
Troistorrents,6156,31132,0.497
Val-d'Illiez,6157,26201,0.522
Vionnaz,6158,29937,0.478
Vouvry,6159,32712,0.464
Bister,6172,22721,0.467
Bitsch,6173,28748,0.452
Grengiols,6177,22665,0.489
Riederalp,6181,20461,0.597
Ausserberg,6191,28950,0.453
Blatten,6192,25597,0.45
Bürchen,6193,23347,0.514
Eischoll,6194,27218,0.501
Ferden,6195,25883,0.485
Kippel,6197,27581,0.412
Niedergesteln,6198,35096,0.388
Raron,6199,33379,0.429
Unterbäch,6201,25856,0.539
Wiler (Lötschen),6202,24815,0.487
Mörel-Filet,6203,23239,0.494
Steg-Hohtenn,6204,30816,0.415
Bettmeralp,6205,20104,0.532
Collonges,6211,30133,0.392
Dorénaz,6212,28100,0.456
Evionnaz,6213,32027,0.4
Finhaut,6214,24735,0.614
Massongex,6215,30844,0.429
Saint-Maurice,6217,27728,0.462
Salvan,6218,25731,0.502
Vernayaz,6219,28203,0.442
Vérossaz,6220,33856,0.388
Chalais,6232,27464,0.51
Chermignon,6234,39339,0.652
Chippis,6235,27909,0.443
Grône,6238,27882,0.449
Icogne,6239,30739,0.605
Lens,6240,41464,0.694
Miège,6241,32532,0.467
Mollens (VS),6242,25619,0.562
Montana,6243,33015,0.65
Randogne,6244,28831,0.676
Saint-Léonard,6246,33158,0.438
Sierre,6248,30150,0.464
Venthône,6249,38368,0.551
Veyras,6250,36573,0.479
Anniviers,6252,21402,0.618
Arbaz,6261,30766,0.536
Grimisuat,6263,36962,0.508
Savièse,6265,36309,0.473
Sion,6266,32969,0.48
Veysonnaz,6267,20777,0.609
Baltschieder,6281,36855,0.381
Eisten,6282,22450,0.466
Embd,6283,27016,0.422
Grächen,6285,21154,0.488
Lalden,6286,31658,0.425
Randa,6287,25083,0.493
Saas-Almagell,6288,24966,0.453
Saas-Balen,6289,28895,0.568
Saas-Fee,6290,25383,0.577
Saas-Grund,6291,26350,0.443
St. Niklaus,6292,27769,0.446
Stalden (VS),6293,28931,0.42
Staldenried,6294,29118,0.411
Täsch,6295,23629,0.499
Törbel,6296,28547,0.403
Visp,6297,34698,0.438
Visperterminen,6298,33526,0.418
Zeneggen,6299,28393,0.454
Zermatt,6300,34614,0.549
Bevaix,6402,41883,0.48
Boudry,6404,35306,0.428
Brot-Dessous,6405,36277,0.383
Corcelles-Cormondrèche,6407,43882,0.469
Cortaillod,6408,40203,0.448
Fresens,6409,35292,0.477
Gorgier,6410,49260,0.566
Montalchez,6411,30138,0.447
Peseux,6412,34538,0.464
Rochefort,6413,42551,0.47
Saint-Aubin-Sauges,6414,35980,0.478
Vaumarcus,6415,48631,0.483
Milvignes,6416,43801,0.478
La Chaux-de-Fonds,6421,32327,0.462
Les Planchettes,6422,31912,0.433
La Sagne,6423,33998,0.385
Les Brenets,6431,36610,0.436
La Brévine,6432,31948,0.391
Brot-Plamboz,6433,37833,0.439
Le Cerneux-Péquignot,6434,33310,0.409
La Chaux-du-Milieu,6435,36765,0.366
Le Locle,6436,32327,0.435
Les Ponts-de-Martel,6437,32396,0.411
Cornaux,6451,36676,0.388
Cressier (NE),6452,35797,0.424
Enges,6453,38569,0.408
Hauterive (NE),6454,41382,0.461
Le Landeron,6455,51666,0.613
Lignières,6456,39108,0.435
Neuchâtel,6458,36615,0.482
Saint-Blaise,6459,46651,0.518
La Tène,6461,38810,0.452
Valangin,6485,34543,0.417
Val-de-Ruz,6487,38655,0.415
La Côte-aux-Fées,6504,27381,0.476
Les Verrières,6511,30658,0.47
Val-de-Travers,6512,30535,0.433
Aire-la-Ville,6601,57273,0.491
Anières,6602,478065,0.936
Avully,6603,42861,0.479
Avusy,6604,63394,0.511
Bardonnex,6605,55391,0.519
Bellevue,6606,53520,0.568
Bernex,6607,51595,0.504
Carouge (GE),6608,43034,0.516
Cartigny,6609,69942,0.556
Céligny,6610,97096,0.709
Chancy,6611,44512,0.454
Chêne-Bougeries,6612,80560,0.679
Chêne-Bourg,6613,40665,0.509
Choulex,6614,82246,0.62
Collex-Bossy,6615,61478,0.542
Collonge-Bellerive,6616,100172,0.691
Cologny,6617,136341,0.747
Confignon,6618,56126,0.541
Corsier (GE),6619,98750,0.708
Dardagny,6620,45604,0.49
Genève,6621,45514,0.581
Genthod,6622,112186,0.772
Le Grand-Saconnex,6623,46126,0.564
Gy,6624,74391,0.644
Hermance,6625,90296,0.715
Jussy,6626,77167,0.636
Laconnex,6627,80516,0.603
Lancy,6628,41645,0.471
Meinier,6629,64583,0.569
Meyrin,6630,37410,0.461
Onex,6631,38626,0.483
Perly-Certoux,6632,49056,0.462
Plan-les-Ouates,6633,54394,0.542
Pregny-Chambésy,6634,96814,0.734
Presinge,6635,85234,0.755
Puplinge,6636,53588,0.495
Russin,6637,66263,0.577
Satigny,6638,53330,0.511
Soral,6639,56319,0.538
Thônex,6640,47537,0.563
Troinex,6641,66595,0.598
Vandoeuvres,6642,130053,0.734
Vernier,6643,33876,0.478
Versoix,6644,45536,0.579
Veyrier,6645,71098,0.638
Boécourt,6702,33451,0.433
Bourrignon,6703,30937,0.416
Châtillon (JU),6704,34587,0.417
Corban,6705,32512,0.377
Courchapoix,6706,31330,0.405
Courrendlin,6708,31769,0.415
Courroux,6709,34956,0.419
Courtételle,6710,40308,0.497
Delémont,6711,33820,0.454
Develier,6712,34573,0.466
Ederswiler,6713,27214,0.312
Mervelier,6715,30996,0.412
Mettembert,6716,30062,0.367
Movelier,6718,29188,0.364
Pleigne,6719,29268,0.387
Rebeuvelier,6720,36335,0.394
Rossemaison,6721,37678,0.431
Saulcy,6722,29858,0.375
Soyhières,6724,32173,0.481
Vellerat,6728,36518,0.309
Haute-Sorne,6729,31219,0.432
Val Terbi,6730,31842,0.408
Le Bémont (JU),6741,31016,0.441
Les Bois,6742,37217,0.499
Les Breuleux,6743,32517,0.391
La Chaux-des-Breuleux,6744,31288,0.379
Les Enfers,6745,31842,0.441
Les Genevez (JU),6748,33001,0.404
Lajoux (JU),6750,29763,0.419
Montfaucon,6751,31253,0.395
Muriaux,6753,38224,0.509
Le Noirmont,6754,33545,0.416
Saignelégier,6757,32695,0.41
Saint-Brais,6758,25605,0.401
Soubey,6759,25904,0.398
Alle,6771,31189,0.402
Beurnevésin,6773,26767,0.403
Boncourt,6774,35886,0.448
Bonfol,6775,28856,0.408
Bure,6778,32910,0.382
Coeuve,6781,33201,0.402
Cornol,6782,31114,0.401
Courchavon,6783,36668,0.503
Courgenay,6784,32782,0.411
Courtedoux,6785,34461,0.43
Damphreux,6787,31116,0.416
Fahy,6789,27894,0.428
Fontenais,6790,31580,0.424
Grandfontaine,6792,30360,0.428
Lugnez,6793,29585,0.41
Porrentruy,6800,32157,0.464
Rocourt,6803,32116,0.38
Vendlincourt,6806,29291,0.398
Basse-Allaine,6807,30385,0.409
Clos du Doubs,6808,27873,0.412
Haute-Ajoie,6809,30035,0.401
La Baroche,6810,29704,0.405
